pokemon_id,name_en,name_ko,generation,sample_count,in_game_embedded,status,priority
1,Bulbasaur,이상해씨,1,1,True,field_covered,maintain
2,Ivysaur,이상해풀,1,0,True,in_game_only,maintain
3,Venusaur,이상해꽃,1,0,True,in_game_only,maintain
4,Charmander,파이리,1,8,True,field_covered,maintain
5,Charmeleon,리자드,1,8,True,field_covered,maintain
6,Charizard,리자몽,1,2,True,field_covered,maintain
7,Squirtle,꼬부기,1,0,True,in_game_only,maintain
8,Wartortle,어니부기,1,0,True,in_game_only,maintain
9,Blastoise,거북왕,1,0,True,in_game_only,maintain
10,Caterpie,캐터피,1,0,True,in_game_only,maintain
11,Metapod,단데기,1,0,True,in_game_only,maintain
12,Butterfree,버터플,1,0,True,in_game_only,maintain
13,Weedle,뿔충이,1,0,True,in_game_only,maintain
14,Kakuna,딱충이,1,0,True,in_game_only,maintain
15,Beedrill,독침붕,1,0,True,in_game_only,maintain
16,Pidgey,구구,1,0,True,in_game_only,maintain
17,Pidgeotto,피죤,1,0,True,in_game_only,maintain
18,Pidgeot,피죤투,1,0,True,in_game_only,maintain
19,Rattata,꼬렛,1,0,True,in_game_only,maintain
20,Raticate,레트라,1,0,True,in_game_only,maintain
21,Spearow,깨비참,1,0,True,in_game_only,maintain
22,Fearow,깨비드릴조,1,0,True,in_game_only,maintain
23,Ekans,아보,1,0,True,in_game_only,maintain
24,Arbok,아보크,1,0,True,in_game_only,maintain
25,Pikachu,피카츄,1,5,True,field_covered,maintain
26,Raichu,라이츄,1,0,True,in_game_only,maintain
27,Sandshrew,모래두지,1,0,True,in_game_only,maintain
28,Sandslash,고지,1,0,True,in_game_only,maintain
29,Nidoran♀,니드런♀,1,0,True,in_game_only,maintain
30,Nidorina,니드리나,1,0,True,in_game_only,maintain
31,Nidoqueen,니드퀸,1,0,True,in_game_only,maintain
32,Nidoran♂,니드런♂,1,0,True,in_game_only,maintain
33,Nidorino,니드리노,1,0,True,in_game_only,maintain
34,Nidoking,니드킹,1,0,True,in_game_only,maintain
35,Clefairy,삐삐,1,0,True,in_game_only,maintain
36,Clefable,픽시,1,0,True,in_game_only,maintain
37,Vulpix,식스테일,1,0,True,in_game_only,maintain
38,Ninetales,나인테일,1,0,True,in_game_only,maintain
39,Jigglypuff,푸린,1,0,True,in_game_only,maintain
40,Wigglytuff,푸크린,1,0,True,in_game_only,maintain
41,Zubat,주뱃,1,0,True,in_game_only,maintain
42,Golbat,골뱃,1,0,True,in_game_only,maintain
43,Oddish,뚜벅쵸,1,1,True,field_covered,maintain
44,Gloom,냄새꼬,1,0,True,in_game_only,maintain
45,Vileplume,라플레시아,1,0,True,in_game_only,maintain
46,Paras,파라스,1,0,True,in_game_only,maintain
47,Parasect,파라섹트,1,0,True,in_game_only,maintain
48,Venonat,콘팡,1,0,True,in_game_only,maintain
49,Venomoth,도나리,1,0,True,in_game_only,maintain
50,Diglett,디그다,1,0,True,in_game_only,maintain
51,Dugtrio,닥트리오,1,0,True,in_game_only,maintain
52,Meowth,나옹,1,0,True,in_game_only,maintain
53,Persian,페르시온,1,0,True,in_game_only,maintain
54,Psyduck,고라파덕,1,0,True,in_game_only,maintain
55,Golduck,골덕,1,0,True,in_game_only,maintain
56,Mankey,망키,1,0,True,in_game_only,maintain
57,Primeape,성원숭,1,0,True,in_game_only,maintain
58,Growlithe,가디,1,2,True,field_covered,maintain
59,Arcanine,윈디,1,8,True,field_covered,maintain
60,Poliwag,발챙이,1,0,True,in_game_only,maintain
61,Poliwhirl,슈륙챙이,1,0,True,in_game_only,maintain
62,Poliwrath,강챙이,1,0,True,in_game_only,maintain
63,Abra,캐이시,1,0,True,in_game_only,maintain
64,Kadabra,윤겔라,1,0,True,in_game_only,maintain
65,Alakazam,후딘,1,0,True,in_game_only,maintain
66,Machop,알통몬,1,0,True,in_game_only,maintain
67,Machoke,근육몬,1,0,True,in_game_only,maintain
68,Machamp,괴력몬,1,0,True,in_game_only,maintain
69,Bellsprout,모다피,1,0,True,in_game_only,maintain
70,Weepinbell,우츠동,1,0,True,in_game_only,maintain
71,Victreebel,우츠보트,1,8,True,field_covered,maintain
72,Tentacool,왕눈해,1,0,True,in_game_only,maintain
73,Tentacruel,독파리,1,0,True,in_game_only,maintain
74,Geodude,꼬마돌,1,0,True,in_game_only,maintain
75,Graveler,데구리,1,0,True,in_game_only,maintain
76,Golem,딱구리,1,8,True,field_covered,maintain
77,Ponyta,포니타,1,1,True,field_covered,maintain
78,Rapidash,날쌩마,1,0,True,in_game_only,maintain
79,Slowpoke,야돈,1,0,True,in_game_only,maintain
80,Slowbro,야도란,1,0,True,in_game_only,maintain
81,Magnemite,코일,1,0,True,in_game_only,maintain
82,Magneton,레어코일,1,0,True,in_game_only,maintain
83,Farfetch’d,파오리,1,0,True,in_game_only,maintain
84,Doduo,두두,1,0,True,in_game_only,maintain
85,Dodrio,두트리오,1,0,True,in_game_only,maintain
86,Seel,쥬쥬,1,0,True,in_game_only,maintain
87,Dewgong,쥬레곤,1,0,True,in_game_only,maintain
88,Grimer,질퍽이,1,0,True,in_game_only,maintain
89,Muk,질뻐기,1,0,True,in_game_only,maintain
90,Shellder,셀러,1,0,True,in_game_only,maintain
91,Cloyster,파르셀,1,0,True,in_game_only,maintain
92,Gastly,고오스,1,0,True,in_game_only,maintain
93,Haunter,고우스트,1,1,True,field_covered,maintain
94,Gengar,팬텀,1,0,True,in_game_only,maintain
95,Onix,롱스톤,1,0,True,in_game_only,maintain
96,Drowzee,슬리프,1,0,True,in_game_only,maintain
97,Hypno,슬리퍼,1,0,True,in_game_only,maintain
98,Krabby,크랩,1,1,True,field_covered,maintain
99,Kingler,킹크랩,1,0,True,in_game_only,maintain
100,Voltorb,찌리리공,1,0,True,in_game_only,maintain
101,Electrode,붐볼,1,0,True,in_game_only,maintain
102,Exeggcute,아라리,1,0,True,in_game_only,maintain
103,Exeggutor,나시,1,0,True,in_game_only,maintain
104,Cubone,탕구리,1,0,True,in_game_only,maintain
105,Marowak,텅구리,1,0,True,in_game_only,maintain
106,Hitmonlee,시라소몬,1,0,True,in_game_only,maintain
107,Hitmonchan,홍수몬,1,0,True,in_game_only,maintain
108,Lickitung,내루미,1,0,True,in_game_only,maintain
109,Koffing,또가스,1,8,True,field_covered,maintain
110,Weezing,또도가스,1,0,True,in_game_only,maintain
111,Rhyhorn,뿔카노,1,0,True,in_game_only,maintain
112,Rhydon,코뿌리,1,0,True,in_game_only,maintain
113,Chansey,럭키,1,0,True,in_game_only,maintain
114,Tangela,덩쿠리,1,0,True,in_game_only,maintain
115,Kangaskhan,캥카,1,0,True,in_game_only,maintain
116,Horsea,쏘드라,1,0,True,in_game_only,maintain
117,Seadra,시드라,1,0,True,in_game_only,maintain
118,Goldeen,콘치,1,0,True,in_game_only,maintain
119,Seaking,왕콘치,1,0,True,in_game_only,maintain
120,Staryu,별가사리,1,0,True,in_game_only,maintain
121,Starmie,아쿠스타,1,0,True,in_game_only,maintain
122,Mr. Mime,마임맨,1,0,True,in_game_only,maintain
123,Scyther,스라크,1,0,True,in_game_only,maintain
124,Jynx,루주라,1,0,True,in_game_only,maintain
125,Electabuzz,에레브,1,0,True,in_game_only,maintain
126,Magmar,마그마,1,0,True,in_game_only,maintain
127,Pinsir,쁘사이저,1,0,True,in_game_only,maintain
128,Tauros,켄타로스,1,0,True,in_game_only,maintain
129,Magikarp,잉어킹,1,1,True,field_covered,maintain
130,Gyarados,갸라도스,1,0,True,in_game_only,maintain
131,Lapras,라프라스,1,0,True,in_game_only,maintain
132,Ditto,메타몽,1,0,True,in_game_only,maintain
133,Eevee,이브이,1,1,True,field_covered,maintain
134,Vaporeon,샤미드,1,0,True,in_game_only,maintain
135,Jolteon,쥬피썬더,1,0,True,in_game_only,maintain
136,Flareon,부스터,1,0,True,in_game_only,maintain
137,Porygon,폴리곤,1,0,True,in_game_only,maintain
138,Omanyte,암나이트,1,0,True,in_game_only,maintain
139,Omastar,암스타,1,0,True,in_game_only,maintain
140,Kabuto,투구,1,8,True,field_covered,maintain
141,Kabutops,투구푸스,1,0,True,in_game_only,maintain
142,Aerodactyl,프테라,1,0,True,in_game_only,maintain
143,Snorlax,잠만보,1,0,True,in_game_only,maintain
144,Articuno,프리져,1,0,True,in_game_only,maintain
145,Zapdos,썬더,1,8,True,field_covered,maintain
146,Moltres,파이어,1,0,True,in_game_only,maintain
147,Dratini,미뇽,1,0,True,in_game_only,maintain
148,Dragonair,신뇽,1,0,True,in_game_only,maintain
149,Dragonite,망나뇽,1,0,True,in_game_only,maintain
150,Mewtwo,뮤츠,1,1,True,field_covered,maintain
151,Mew,뮤,1,2,True,field_covered,maintain
152,Chikorita,치코리타,2,0,True,in_game_only,maintain
153,Bayleef,베이리프,2,0,True,in_game_only,maintain
154,Meganium,메가니움,2,0,True,in_game_only,maintain
155,Cyndaquil,브케인,2,0,True,in_game_only,maintain
156,Quilava,마그케인,2,0,True,in_game_only,maintain
157,Typhlosion,블레이범,2,0,True,in_game_only,maintain
158,Totodile,리아코,2,0,True,in_game_only,maintain
159,Croconaw,엘리게이,2,0,True,in_game_only,maintain
160,Feraligatr,장크로다일,2,0,True,in_game_only,maintain
161,Sentret,꼬리선,2,0,True,in_game_only,maintain
162,Furret,다꼬리,2,0,True,in_game_only,maintain
163,Hoothoot,부우부,2,0,True,in_game_only,maintain
164,Noctowl,야부엉,2,0,True,in_game_only,maintain
165,Ledyba,레디바,2,0,True,in_game_only,maintain
166,Ledian,레디안,2,0,True,in_game_only,maintain
167,Spinarak,페이검,2,0,True,in_game_only,maintain
168,Ariados,아리아도스,2,0,True,in_game_only,maintain
169,Crobat,크로뱃,2,0,True,in_game_only,maintain
170,Chinchou,초라기,2,0,True,in_game_only,maintain
171,Lanturn,랜턴,2,0,True,in_game_only,maintain
172,Pichu,피츄,2,0,True,in_game_only,maintain
173,Cleffa,삐,2,0,True,in_game_only,maintain
174,Igglybuff,푸푸린,2,0,True,in_game_only,maintain
175,Togepi,토게피,2,0,True,in_game_only,maintain
176,Togetic,토게틱,2,0,True,in_game_only,maintain
177,Natu,네이티,2,0,True,in_game_only,maintain
178,Xatu,네이티오,2,0,True,in_game_only,maintain
179,Mareep,메리프,2,0,True,in_game_only,maintain
180,Flaaffy,보송송,2,0,True,in_game_only,maintain
181,Ampharos,전룡,2,0,True,in_game_only,maintain
182,Bellossom,아르코,2,0,True,in_game_only,maintain
183,Marill,마릴,2,0,True,in_game_only,maintain
184,Azumarill,마릴리,2,0,True,in_game_only,maintain
185,Sudowoodo,꼬지모,2,0,True,in_game_only,maintain
186,Politoed,왕구리,2,0,True,in_game_only,maintain
187,Hoppip,통통코,2,0,True,in_game_only,maintain
188,Skiploom,두코,2,0,True,in_game_only,maintain
189,Jumpluff,솜솜코,2,0,True,in_game_only,maintain
190,Aipom,에이팜,2,0,True,in_game_only,maintain
191,Sunkern,해너츠,2,0,True,in_game_only,maintain
192,Sunflora,해루미,2,0,True,in_game_only,maintain
193,Yanma,왕자리,2,0,True,in_game_only,maintain
194,Wooper,우파,2,0,True,in_game_only,maintain
195,Quagsire,누오,2,0,True,in_game_only,maintain
196,Espeon,에브이,2,0,True,in_game_only,maintain
197,Umbreon,블래키,2,0,True,in_game_only,maintain
198,Murkrow,니로우,2,0,True,in_game_only,maintain
199,Slowking,야도킹,2,0,True,in_game_only,maintain
200,Misdreavus,무우마,2,0,True,in_game_only,maintain
201,Unown,안농,2,0,True,in_game_only,maintain
202,Wobbuffet,마자용,2,0,True,in_game_only,maintain
203,Girafarig,키링키,2,0,True,in_game_only,maintain
204,Pineco,피콘,2,0,True,in_game_only,maintain
205,Forretress,쏘콘,2,0,True,in_game_only,maintain
206,Dunsparce,노고치,2,0,True,in_game_only,maintain
207,Gligar,글라이거,2,0,True,in_game_only,maintain
208,Steelix,강철톤,2,0,True,in_game_only,maintain
209,Snubbull,블루,2,0,True,in_game_only,maintain
210,Granbull,그랑블루,2,0,True,in_game_only,maintain
211,Qwilfish,침바루,2,0,True,in_game_only,maintain
212,Scizor,핫삼,2,0,True,in_game_only,maintain
213,Shuckle,단단지,2,0,True,in_game_only,maintain
214,Heracross,헤라크로스,2,0,True,in_game_only,maintain
215,Sneasel,포푸니,2,0,True,in_game_only,maintain
216,Teddiursa,깜지곰,2,0,True,in_game_only,maintain
217,Ursaring,링곰,2,0,True,in_game_only,maintain
218,Slugma,마그마그,2,0,True,in_game_only,maintain
219,Magcargo,마그카르고,2,0,True,in_game_only,maintain
220,Swinub,꾸꾸리,2,0,True,in_game_only,maintain
221,Piloswine,메꾸리,2,0,True,in_game_only,maintain
222,Corsola,코산호,2,0,True,in_game_only,maintain
223,Remoraid,총어,2,0,True,in_game_only,maintain
224,Octillery,대포무노,2,0,True,in_game_only,maintain
225,Delibird,딜리버드,2,0,True,in_game_only,maintain
226,Mantine,만타인,2,0,True,in_game_only,maintain
227,Skarmory,무장조,2,0,True,in_game_only,maintain
228,Houndour,델빌,2,0,True,in_game_only,maintain
229,Houndoom,헬가,2,0,True,in_game_only,maintain
230,Kingdra,킹드라,2,0,True,in_game_only,maintain
231,Phanpy,코코리,2,0,True,in_game_only,maintain
232,Donphan,코리갑,2,0,True,in_game_only,maintain
233,Porygon2,폴리곤2,2,0,True,in_game_only,maintain
234,Stantler,노라키,2,0,True,in_game_only,maintain
235,Smeargle,루브도,2,0,True,in_game_only,maintain
236,Tyrogue,배루키,2,0,True,in_game_only,maintain
237,Hitmontop,카포에라,2,0,True,in_game_only,maintain
238,Smoochum,뽀뽀라,2,0,True,in_game_only,maintain
239,Elekid,에레키드,2,0,True,in_game_only,maintain
240,Magby,마그비,2,0,True,in_game_only,maintain
241,Miltank,밀탱크,2,0,True,in_game_only,maintain
242,Blissey,해피너스,2,0,True,in_game_only,maintain
243,Raikou,라이코,2,0,True,in_game_only,maintain
244,Entei,앤테이,2,0,True,in_game_only,maintain
245,Suicune,스이쿤,2,0,True,in_game_only,maintain
246,Larvitar,애버라스,2,0,True,in_game_only,maintain
247,Pupitar,데기라스,2,0,True,in_game_only,maintain
248,Tyranitar,마기라스,2,0,True,in_game_only,maintain
249,Lugia,루기아,2,0,True,in_game_only,maintain
250,Ho-Oh,칠색조,2,0,True,in_game_only,maintain
251,Celebi,세레비,2,0,True,in_game_only,maintain
252,Treecko,나무지기,3,0,True,in_game_only,maintain
253,Grovyle,나무돌이,3,0,True,in_game_only,maintain
254,Sceptile,나무킹,3,0,True,in_game_only,maintain
255,Torchic,아차모,3,0,True,in_game_only,maintain
256,Combusken,영치코,3,0,True,in_game_only,maintain
257,Blaziken,번치코,3,0,True,in_game_only,maintain
258,Mudkip,물짱이,3,0,True,in_game_only,maintain
259,Marshtomp,늪짱이,3,0,True,in_game_only,maintain
260,Swampert,대짱이,3,0,True,in_game_only,maintain
261,Poochyena,포챠나,3,0,True,in_game_only,maintain
262,Mightyena,그라에나,3,0,True,in_game_only,maintain
263,Zigzagoon,지그제구리,3,0,True,in_game_only,maintain
264,Linoone,직구리,3,0,True,in_game_only,maintain
265,Wurmple,개무소,3,0,True,in_game_only,maintain
266,Silcoon,실쿤,3,0,True,in_game_only,maintain
267,Beautifly,뷰티플라이,3,0,True,in_game_only,maintain
268,Cascoon,카스쿤,3,0,True,in_game_only,maintain
269,Dustox,독케일,3,0,True,in_game_only,maintain
270,Lotad,연꽃몬,3,0,True,in_game_only,maintain
271,Lombre,로토스,3,0,True,in_game_only,maintain
272,Ludicolo,로파파,3,0,True,in_game_only,maintain
273,Seedot,도토링,3,0,True,in_game_only,maintain
274,Nuzleaf,잎새코,3,0,True,in_game_only,maintain
275,Shiftry,다탱구,3,0,True,in_game_only,maintain
276,Taillow,테일로,3,0,True,in_game_only,maintain
277,Swellow,스왈로,3,0,True,in_game_only,maintain
278,Wingull,갈모매,3,0,True,in_game_only,maintain
279,Pelipper,패리퍼,3,0,True,in_game_only,maintain
280,Ralts,랄토스,3,0,True,in_game_only,maintain
281,Kirlia,킬리아,3,0,True,in_game_only,maintain
282,Gardevoir,가디안,3,0,True,in_game_only,maintain
283,Surskit,비구술,3,0,True,in_game_only,maintain
284,Masquerain,비나방,3,0,True,in_game_only,maintain
285,Shroomish,버섯꼬,3,0,True,in_game_only,maintain
286,Breloom,버섯모,3,0,True,in_game_only,maintain
287,Slakoth,게을로,3,0,True,in_game_only,maintain
288,Vigoroth,발바로,3,0,True,in_game_only,maintain
289,Slaking,게을킹,3,0,True,in_game_only,maintain
290,Nincada,토중몬,3,0,True,in_game_only,maintain
291,Ninjask,아이스크,3,0,True,in_game_only,maintain
292,Shedinja,껍질몬,3,0,True,in_game_only,maintain
293,Whismur,소곤룡,3,0,True,in_game_only,maintain
294,Loudred,노공룡,3,0,True,in_game_only,maintain
295,Exploud,폭음룡,3,0,True,in_game_only,maintain
296,Makuhita,마크탕,3,0,True,in_game_only,maintain
297,Hariyama,하리뭉,3,0,True,in_game_only,maintain
298,Azurill,루리리,3,0,True,in_game_only,maintain
299,Nosepass,코코파스,3,0,True,in_game_only,maintain
300,Skitty,에나비,3,0,True,in_game_only,maintain
301,Delcatty,델케티,3,0,True,in_game_only,maintain
302,Sableye,깜까미,3,0,True,in_game_only,maintain
303,Mawile,입치트,3,0,True,in_game_only,maintain
304,Aron,가보리,3,0,True,in_game_only,maintain
305,Lairon,갱도라,3,0,True,in_game_only,maintain
306,Aggron,보스로라,3,0,True,in_game_only,maintain
307,Meditite,요가랑,3,0,True,in_game_only,maintain
308,Medicham,요가램,3,0,True,in_game_only,maintain
309,Electrike,썬더라이,3,0,True,in_game_only,maintain
310,Manectric,썬더볼트,3,0,True,in_game_only,maintain
311,Plusle,플러시,3,0,True,in_game_only,maintain
312,Minun,마이농,3,0,True,in_game_only,maintain
313,Volbeat,볼비트,3,0,True,in_game_only,maintain
314,Illumise,네오비트,3,0,True,in_game_only,maintain
315,Roselia,로젤리아,3,0,True,in_game_only,maintain
316,Gulpin,꼴깍몬,3,0,True,in_game_only,maintain
317,Swalot,꿀꺽몬,3,0,True,in_game_only,maintain
318,Carvanha,샤프니아,3,0,True,in_game_only,maintain
319,Sharpedo,샤크니아,3,0,True,in_game_only,maintain
320,Wailmer,고래왕자,3,0,True,in_game_only,maintain
321,Wailord,고래왕,3,0,True,in_game_only,maintain
322,Numel,둔타,3,0,True,in_game_only,maintain
323,Camerupt,폭타,3,0,True,in_game_only,maintain
324,Torkoal,코터스,3,0,True,in_game_only,maintain
325,Spoink,피그점프,3,0,True,in_game_only,maintain
326,Grumpig,피그킹,3,0,True,in_game_only,maintain
327,Spinda,얼루기,3,0,True,in_game_only,maintain
328,Trapinch,톱치,3,0,True,in_game_only,maintain
329,Vibrava,비브라바,3,0,True,in_game_only,maintain
330,Flygon,플라이곤,3,0,True,in_game_only,maintain
331,Cacnea,선인왕,3,0,True,in_game_only,maintain
332,Cacturne,밤선인,3,0,True,in_game_only,maintain
333,Swablu,파비코,3,0,True,in_game_only,maintain
334,Altaria,파비코리,3,0,True,in_game_only,maintain
335,Zangoose,쟝고,3,0,True,in_game_only,maintain
336,Seviper,세비퍼,3,0,True,in_game_only,maintain
337,Lunatone,루나톤,3,0,True,in_game_only,maintain
338,Solrock,솔록,3,0,True,in_game_only,maintain
339,Barboach,미꾸리,3,0,True,in_game_only,maintain
340,Whiscash,메깅,3,0,True,in_game_only,maintain
341,Corphish,가재군,3,0,True,in_game_only,maintain
342,Crawdaunt,가재장군,3,0,True,in_game_only,maintain
343,Baltoy,오뚝군,3,0,True,in_game_only,maintain
344,Claydol,점토도리,3,0,True,in_game_only,maintain
345,Lileep,릴링,3,0,True,in_game_only,maintain
346,Cradily,릴리요,3,0,True,in_game_only,maintain
347,Anorith,아노딥스,3,0,True,in_game_only,maintain
348,Armaldo,아말도,3,0,True,in_game_only,maintain
349,Feebas,빈티나,3,0,True,in_game_only,maintain
350,Milotic,밀로틱,3,0,True,in_game_only,maintain
351,Castform,캐스퐁,3,0,True,in_game_only,maintain
352,Kecleon,켈리몬,3,0,True,in_game_only,maintain
353,Shuppet,어둠대신,3,0,True,in_game_only,maintain
354,Banette,다크펫,3,0,True,in_game_only,maintain
355,Duskull,해골몽,3,0,True,in_game_only,maintain
356,Dusclops,미라몽,3,0,True,in_game_only,maintain
357,Tropius,트로피우스,3,0,True,in_game_only,maintain
358,Chimecho,치렁,3,0,True,in_game_only,maintain
359,Absol,앱솔,3,0,True,in_game_only,maintain
360,Wynaut,마자,3,0,True,in_game_only,maintain
361,Snorunt,눈꼬마,3,0,True,in_game_only,maintain
362,Glalie,얼음귀신,3,0,True,in_game_only,maintain
363,Spheal,대굴레오,3,0,True,in_game_only,maintain
364,Sealeo,씨레오,3,0,True,in_game_only,maintain
365,Walrein,씨카이저,3,0,True,in_game_only,maintain
366,Clamperl,진주몽,3,0,True,in_game_only,maintain
367,Huntail,헌테일,3,0,True,in_game_only,maintain
368,Gorebyss,분홍장이,3,0,True,in_game_only,maintain
369,Relicanth,시라칸,3,0,True,in_game_only,maintain
370,Luvdisc,사랑동이,3,0,True,in_game_only,maintain
371,Bagon,아공이,3,0,True,in_game_only,maintain
372,Shelgon,쉘곤,3,0,True,in_game_only,maintain
373,Salamence,보만다,3,0,True,in_game_only,maintain
374,Beldum,메탕,3,0,True,in_game_only,maintain
375,Metang,메탕구,3,0,True,in_game_only,maintain
376,Metagross,메타그로스,3,0,True,in_game_only,maintain
377,Regirock,레지락,3,0,True,in_game_only,maintain
378,Regice,레지아이스,3,0,True,in_game_only,maintain
379,Registeel,레지스틸,3,0,True,in_game_only,maintain
380,Latias,라티아스,3,0,True,in_game_only,maintain
381,Latios,라티오스,3,0,True,in_game_only,maintain
382,Kyogre,가이오가,3,0,True,in_game_only,maintain
383,Groudon,그란돈,3,0,True,in_game_only,maintain
384,Rayquaza,레쿠쟈,3,0,True,in_game_only,maintain
385,Jirachi,지라치,3,0,True,in_game_only,maintain
386,Deoxys,테오키스,3,0,True,in_game_only,maintain
387,Turtwig,모부기,4,0,True,in_game_only,maintain
388,Grotle,수풀부기,4,1,True,field_covered,maintain
389,Torterra,토대부기,4,0,True,in_game_only,maintain
390,Chimchar,불꽃숭이,4,0,True,in_game_only,maintain
391,Monferno,파이숭이,4,0,True,in_game_only,maintain
392,Infernape,초염몽,4,0,True,in_game_only,maintain
393,Piplup,팽도리,4,0,True,in_game_only,maintain
394,Prinplup,팽태자,4,0,True,in_game_only,maintain
395,Empoleon,엠페르트,4,0,True,in_game_only,maintain
396,Starly,찌르꼬,4,0,True,in_game_only,maintain
397,Staravia,찌르버드,4,0,True,in_game_only,maintain
398,Staraptor,찌르호크,4,0,True,in_game_only,maintain
399,Bidoof,비버니,4,0,True,in_game_only,maintain
400,Bibarel,비버통,4,0,True,in_game_only,maintain
401,Kricketot,귀뚤뚜기,4,0,True,in_game_only,maintain
402,Kricketune,귀뚤톡크,4,0,True,in_game_only,maintain
403,Shinx,꼬링크,4,0,True,in_game_only,maintain
404,Luxio,럭시오,4,0,True,in_game_only,maintain
405,Luxray,렌트라,4,0,True,in_game_only,maintain
406,Budew,꼬몽울,4,0,True,in_game_only,maintain
407,Roserade,로즈레이드,4,0,True,in_game_only,maintain
408,Cranidos,두개도스,4,0,True,in_game_only,maintain
409,Rampardos,램펄드,4,0,True,in_game_only,maintain
410,Shieldon,방패톱스,4,0,True,in_game_only,maintain
411,Bastiodon,바리톱스,4,0,True,in_game_only,maintain
412,Burmy,도롱충이,4,0,True,in_game_only,maintain
413,Wormadam,도롱마담,4,0,True,in_game_only,maintain
414,Mothim,나메일,4,0,True,in_game_only,maintain
415,Combee,세꿀버리,4,0,True,in_game_only,maintain
416,Vespiquen,비퀸,4,0,True,in_game_only,maintain
417,Pachirisu,파치리스,4,0,True,in_game_only,maintain
418,Buizel,브이젤,4,0,True,in_game_only,maintain
419,Floatzel,플로젤,4,0,True,in_game_only,maintain
420,Cherubi,체리버,4,0,True,in_game_only,maintain
421,Cherrim,체리꼬,4,0,True,in_game_only,maintain
422,Shellos,깝질무,4,0,True,in_game_only,maintain
423,Gastrodon,트리토돈,4,0,True,in_game_only,maintain
424,Ambipom,겟핸보숭,4,0,True,in_game_only,maintain
425,Drifloon,흔들풍손,4,0,True,in_game_only,maintain
426,Drifblim,둥실라이드,4,0,True,in_game_only,maintain
427,Buneary,이어롤,4,0,True,in_game_only,maintain
428,Lopunny,이어롭,4,0,True,in_game_only,maintain
429,Mismagius,무우마직,4,0,True,in_game_only,maintain
430,Honchkrow,돈크로우,4,0,True,in_game_only,maintain
431,Glameow,나옹마,4,0,True,in_game_only,maintain
432,Purugly,몬냥이,4,0,True,in_game_only,maintain
433,Chingling,랑딸랑,4,0,True,in_game_only,maintain
434,Stunky,스컹뿡,4,0,True,in_game_only,maintain
435,Skuntank,스컹탱크,4,0,True,in_game_only,maintain
436,Bronzor,동미러,4,0,True,in_game_only,maintain
437,Bronzong,동탁군,4,0,True,in_game_only,maintain
438,Bonsly,꼬지지,4,0,True,in_game_only,maintain
439,Mime Jr.,흉내내,4,0,True,in_game_only,maintain
440,Happiny,핑복,4,0,True,in_game_only,maintain
441,Chatot,페라페,4,0,True,in_game_only,maintain
442,Spiritomb,화강돌,4,0,True,in_game_only,maintain
443,Gible,딥상어동,4,0,True,in_game_only,maintain
444,Gabite,한바이트,4,0,True,in_game_only,maintain
445,Garchomp,한카리아스,4,0,True,in_game_only,maintain
446,Munchlax,먹고자,4,0,True,in_game_only,maintain
447,Riolu,리오르,4,0,True,in_game_only,maintain
448,Lucario,루카리오,4,0,True,in_game_only,maintain
449,Hippopotas,히포포타스,4,0,True,in_game_only,maintain
450,Hippowdon,하마돈,4,0,True,in_game_only,maintain
451,Skorupi,스콜피,4,0,True,in_game_only,maintain
452,Drapion,드래피온,4,0,True,in_game_only,maintain
453,Croagunk,삐딱구리,4,0,True,in_game_only,maintain
454,Toxicroak,독개굴,4,0,True,in_game_only,maintain
455,Carnivine,무스틈니,4,0,True,in_game_only,maintain
456,Finneon,형광어,4,0,True,in_game_only,maintain
457,Lumineon,네오라이트,4,0,True,in_game_only,maintain
458,Mantyke,타만타,4,0,True,in_game_only,maintain
459,Snover,눈쓰개,4,0,True,in_game_only,maintain
460,Abomasnow,눈설왕,4,0,True,in_game_only,maintain
461,Weavile,포푸니라,4,0,True,in_game_only,maintain
462,Magnezone,자포코일,4,0,True,in_game_only,maintain
463,Lickilicky,내룸벨트,4,0,True,in_game_only,maintain
464,Rhyperior,거대코뿌리,4,0,True,in_game_only,maintain
465,Tangrowth,덩쿠림보,4,0,True,in_game_only,maintain
466,Electivire,에레키블,4,0,True,in_game_only,maintain
467,Magmortar,마그마번,4,0,True,in_game_only,maintain
468,Togekiss,토게키스,4,0,True,in_game_only,maintain
469,Yanmega,메가자리,4,0,True,in_game_only,maintain
470,Leafeon,리피아,4,1,True,field_covered,maintain
471,Glaceon,글레이시아,4,0,True,in_game_only,maintain
472,Gliscor,글라이온,4,0,True,in_game_only,maintain
473,Mamoswine,맘모꾸리,4,0,True,in_game_only,maintain
474,Porygon-Z,폴리곤Z,4,0,True,in_game_only,maintain
475,Gallade,엘레이드,4,0,True,in_game_only,maintain
476,Probopass,대코파스,4,0,True,in_game_only,maintain
477,Dusknoir,야느와르몽,4,0,True,in_game_only,maintain
478,Froslass,눈여아,4,0,True,in_game_only,maintain
479,Rotom,로토무,4,0,True,in_game_only,maintain
480,Uxie,유크시,4,0,True,in_game_only,maintain
481,Mesprit,엠라이트,4,0,True,in_game_only,maintain
482,Azelf,아그놈,4,0,True,in_game_only,maintain
483,Dialga,디아루가,4,0,True,in_game_only,maintain
484,Palkia,펄기아,4,0,True,in_game_only,maintain
485,Heatran,히드런,4,0,True,in_game_only,maintain
486,Regigigas,레지기가스,4,0,True,in_game_only,maintain
487,Giratina,기라티나,4,1,True,field_covered,maintain
488,Cresselia,크레세리아,4,0,True,in_game_only,maintain
489,Phione,피오네,4,0,True,in_game_only,maintain
490,Manaphy,마나피,4,0,True,in_game_only,maintain
491,Darkrai,다크라이,4,0,True,in_game_only,maintain
492,Shaymin,쉐이미,4,0,True,in_game_only,maintain
493,Arceus,아르세우스,4,0,True,in_game_only,maintain
494,Victini,비크티니,5,0,True,in_game_only,maintain
495,Snivy,주리비얀,5,0,True,in_game_only,maintain
496,Servine,샤비,5,0,True,in_game_only,maintain
497,Serperior,샤로다,5,0,True,in_game_only,maintain
498,Tepig,뚜꾸리,5,0,True,in_game_only,maintain
499,Pignite,차오꿀,5,0,True,in_game_only,maintain
500,Emboar,염무왕,5,0,True,in_game_only,maintain
501,Oshawott,수댕이,5,0,True,in_game_only,maintain
502,Dewott,쌍검자비,5,0,True,in_game_only,maintain
503,Samurott,대검귀,5,0,True,in_game_only,maintain
504,Patrat,보르쥐,5,0,True,in_game_only,maintain
505,Watchog,보르그,5,0,True,in_game_only,maintain
506,Lillipup,요테리,5,0,True,in_game_only,maintain
507,Herdier,하데리어,5,0,True,in_game_only,maintain
508,Stoutland,바랜드,5,0,True,in_game_only,maintain
509,Purrloin,쌔비냥,5,0,True,in_game_only,maintain
510,Liepard,레파르다스,5,0,True,in_game_only,maintain
511,Pansage,야나프,5,0,True,in_game_only,maintain
512,Simisage,야나키,5,0,True,in_game_only,maintain
513,Pansear,바오프,5,0,True,in_game_only,maintain
514,Simisear,바오키,5,0,True,in_game_only,maintain
515,Panpour,앗차프,5,0,True,in_game_only,maintain
516,Simipour,앗차키,5,0,True,in_game_only,maintain
517,Munna,몽나,5,0,True,in_game_only,maintain
518,Musharna,몽얌나,5,0,True,in_game_only,maintain
519,Pidove,콩둘기,5,0,True,in_game_only,maintain
520,Tranquill,유토브,5,0,True,in_game_only,maintain
521,Unfezant,켄호로우,5,0,True,in_game_only,maintain
522,Blitzle,줄뮤마,5,0,True,in_game_only,maintain
523,Zebstrika,제브라이카,5,0,True,in_game_only,maintain
524,Roggenrola,단굴,5,0,True,in_game_only,maintain
525,Boldore,암트르,5,0,True,in_game_only,maintain
526,Gigalith,기가이어스,5,0,True,in_game_only,maintain
527,Woobat,또르박쥐,5,0,True,in_game_only,maintain
528,Swoobat,맘박쥐,5,0,True,in_game_only,maintain
529,Drilbur,두더류,5,0,True,in_game_only,maintain
530,Excadrill,몰드류,5,0,True,in_game_only,maintain
531,Audino,다부니,5,0,True,in_game_only,maintain
532,Timburr,으랏차,5,0,True,in_game_only,maintain
533,Gurdurr,토쇠골,5,0,True,in_game_only,maintain
534,Conkeldurr,노보청,5,0,True,in_game_only,maintain
535,Tympole,동챙이,5,0,True,in_game_only,maintain
536,Palpitoad,두까비,5,0,True,in_game_only,maintain
537,Seismitoad,두빅굴,5,0,True,in_game_only,maintain
538,Throh,던지미,5,0,True,in_game_only,maintain
539,Sawk,타격귀,5,0,True,in_game_only,maintain
540,Sewaddle,두르보,5,0,True,in_game_only,maintain
541,Swadloon,두르쿤,5,0,True,in_game_only,maintain
542,Leavanny,모아머,5,0,True,in_game_only,maintain
543,Venipede,마디네,5,0,True,in_game_only,maintain
544,Whirlipede,휠구,5,0,True,in_game_only,maintain
545,Scolipede,펜드라,5,0,True,in_game_only,maintain
546,Cottonee,소미안,5,0,True,in_game_only,maintain
547,Whimsicott,엘풍,5,0,True,in_game_only,maintain
548,Petilil,치릴리,5,0,True,in_game_only,maintain
549,Lilligant,드레디어,5,0,True,in_game_only,maintain
550,Basculin,배쓰나이,5,0,True,in_game_only,maintain
551,Sandile,깜눈크,5,0,True,in_game_only,maintain
552,Krokorok,악비르,5,0,True,in_game_only,maintain
553,Krookodile,악비아르,5,0,True,in_game_only,maintain
554,Darumaka,달막화,5,0,True,in_game_only,maintain
555,Darmanitan,불비달마,5,0,True,in_game_only,maintain
556,Maractus,마라카치,5,0,True,in_game_only,maintain
557,Dwebble,돌살이,5,0,True,in_game_only,maintain
558,Crustle,암팰리스,5,0,True,in_game_only,maintain
559,Scraggy,곤율랭,5,0,True,in_game_only,maintain
560,Scrafty,곤율거니,5,0,True,in_game_only,maintain
561,Sigilyph,심보러,5,0,True,in_game_only,maintain
562,Yamask,데스마스,5,0,True,in_game_only,maintain
563,Cofagrigus,데스니칸,5,0,True,in_game_only,maintain
564,Tirtouga,프로토가,5,0,True,in_game_only,maintain
565,Carracosta,늑골라,5,0,True,in_game_only,maintain
566,Archen,아켄,5,0,True,in_game_only,maintain
567,Archeops,아케오스,5,0,True,in_game_only,maintain
568,Trubbish,깨봉이,5,0,True,in_game_only,maintain
569,Garbodor,더스트나,5,0,True,in_game_only,maintain
570,Zorua,조로아,5,0,True,in_game_only,maintain
571,Zoroark,조로아크,5,0,True,in_game_only,maintain
572,Minccino,치라미,5,0,True,in_game_only,maintain
573,Cinccino,치라치노,5,0,True,in_game_only,maintain
574,Gothita,고디탱,5,0,True,in_game_only,maintain
575,Gothorita,고디보미,5,0,True,in_game_only,maintain
576,Gothitelle,고디모아젤,5,0,True,in_game_only,maintain
577,Solosis,유니란,5,0,True,in_game_only,maintain
578,Duosion,듀란,5,0,True,in_game_only,maintain
579,Reuniclus,란쿨루스,5,0,True,in_game_only,maintain
580,Ducklett,꼬지보리,5,0,True,in_game_only,maintain
581,Swanna,스완나,5,0,True,in_game_only,maintain
582,Vanillite,바닐프티,5,0,True,in_game_only,maintain
583,Vanillish,바닐리치,5,0,True,in_game_only,maintain
584,Vanilluxe,배바닐라,5,0,True,in_game_only,maintain
585,Deerling,사철록,5,0,True,in_game_only,maintain
586,Sawsbuck,바라철록,5,0,True,in_game_only,maintain
587,Emolga,에몽가,5,0,True,in_game_only,maintain
588,Karrablast,딱정곤,5,0,True,in_game_only,maintain
589,Escavalier,슈바르고,5,0,True,in_game_only,maintain
590,Foongus,깜놀버슬,5,0,True,in_game_only,maintain
591,Amoonguss,뽀록나,5,0,True,in_game_only,maintain
592,Frillish,탱그릴,5,0,True,in_game_only,maintain
593,Jellicent,탱탱겔,5,0,True,in_game_only,maintain
594,Alomomola,맘복치,5,0,True,in_game_only,maintain
595,Joltik,파쪼옥,5,0,True,in_game_only,maintain
596,Galvantula,전툴라,5,0,True,in_game_only,maintain
597,Ferroseed,철시드,5,0,True,in_game_only,maintain
598,Ferrothorn,너트령,5,0,True,in_game_only,maintain
599,Klink,기어르,5,0,True,in_game_only,maintain
600,Klang,기기어르,5,0,True,in_game_only,maintain
601,Klinklang,기기기어르,5,0,True,in_game_only,maintain
602,Tynamo,저리어,5,0,True,in_game_only,maintain
603,Eelektrik,저리릴,5,0,True,in_game_only,maintain
604,Eelektross,저리더프,5,0,True,in_game_only,maintain
605,Elgyem,리그레,5,0,True,in_game_only,maintain
606,Beheeyem,벰크,5,0,True,in_game_only,maintain
607,Litwick,불켜미,5,0,True,in_game_only,maintain
608,Lampent,램프라,5,0,True,in_game_only,maintain
609,Chandelure,샹델라,5,0,True,in_game_only,maintain
610,Axew,터검니,5,0,True,in_game_only,maintain
611,Fraxure,액슨도,5,0,True,in_game_only,maintain
612,Haxorus,액스라이즈,5,0,True,in_game_only,maintain
613,Cubchoo,코고미,5,0,True,in_game_only,maintain
614,Beartic,툰베어,5,0,True,in_game_only,maintain
615,Cryogonal,프리지오,5,0,True,in_game_only,maintain
616,Shelmet,쪼마리,5,0,True,in_game_only,maintain
617,Accelgor,어지리더,5,0,True,in_game_only,maintain
618,Stunfisk,메더,5,0,True,in_game_only,maintain
619,Mienfoo,비조푸,5,0,True,in_game_only,maintain
620,Mienshao,비조도,5,0,True,in_game_only,maintain
621,Druddigon,크리만,5,0,True,in_game_only,maintain
622,Golett,골비람,5,0,True,in_game_only,maintain
623,Golurk,골루그,5,0,True,in_game_only,maintain
624,Pawniard,자망칼,5,0,True,in_game_only,maintain
625,Bisharp,절각참,5,0,True,in_game_only,maintain
626,Bouffalant,버프론,5,0,True,in_game_only,maintain
627,Rufflet,수리둥보,5,0,True,in_game_only,maintain
628,Braviary,워글,5,0,True,in_game_only,maintain
629,Vullaby,벌차이,5,0,True,in_game_only,maintain
630,Mandibuzz,버랜지나,5,0,True,in_game_only,maintain
631,Heatmor,앤티골,5,0,True,in_game_only,maintain
632,Durant,아이앤트,5,0,True,in_game_only,maintain
633,Deino,모노두,5,0,True,in_game_only,maintain
634,Zweilous,디헤드,5,0,True,in_game_only,maintain
635,Hydreigon,삼삼드래,5,0,True,in_game_only,maintain
636,Larvesta,활화르바,5,0,True,in_game_only,maintain
637,Volcarona,불카모스,5,0,True,in_game_only,maintain
638,Cobalion,코바르온,5,0,True,in_game_only,maintain
639,Terrakion,테라키온,5,0,True,in_game_only,maintain
640,Virizion,비리디온,5,0,True,in_game_only,maintain
641,Tornadus,토네로스,5,0,True,in_game_only,maintain
642,Thundurus,볼트로스,5,0,True,in_game_only,maintain
643,Reshiram,레시라무,5,0,True,in_game_only,maintain
644,Zekrom,제크로무,5,0,True,in_game_only,maintain
645,Landorus,랜드로스,5,0,True,in_game_only,maintain
646,Kyurem,큐레무,5,0,True,in_game_only,maintain
647,Keldeo,케르디오,5,1,True,field_covered,maintain
648,Meloetta,메로엣타,5,0,True,in_game_only,maintain
649,Genesect,게노세크트,5,0,True,in_game_only,maintain
650,Chespin,도치마론,6,0,True,in_game_only,maintain
651,Quilladin,도치보구,6,0,True,in_game_only,maintain
652,Chesnaught,브리가론,6,0,True,in_game_only,maintain
653,Fennekin,푸호꼬,6,0,True,in_game_only,maintain
654,Braixen,테르나,6,1,True,field_covered,maintain
655,Delphox,마폭시,6,0,True,in_game_only,maintain
656,Froakie,개구마르,6,1,True,field_covered,maintain
657,Frogadier,개굴반장,6,0,True,in_game_only,maintain
658,Greninja,개굴닌자,6,0,True,in_game_only,maintain
659,Bunnelby,파르빗,6,0,True,in_game_only,maintain
660,Diggersby,파르토,6,0,True,in_game_only,maintain
661,Fletchling,화살꼬빈,6,0,True,in_game_only,maintain
662,Fletchinder,불화살빈,6,0,True,in_game_only,maintain
663,Talonflame,파이어로,6,0,True,in_game_only,maintain
664,Scatterbug,분이벌레,6,0,True,in_game_only,maintain
665,Spewpa,분떠도리,6,0,True,in_game_only,maintain
666,Vivillon,비비용,6,0,True,in_game_only,maintain
667,Litleo,레오꼬,6,0,True,in_game_only,maintain
668,Pyroar,화염레오,6,0,True,in_game_only,maintain
669,Flabébé,플라베베,6,0,True,in_game_only,maintain
670,Floette,플라엣테,6,0,True,in_game_only,maintain
671,Florges,플라제스,6,0,True,in_game_only,maintain
672,Skiddo,메이클,6,0,True,in_game_only,maintain
673,Gogoat,고고트,6,0,True,in_game_only,maintain
674,Pancham,판짱,6,0,True,in_game_only,maintain
675,Pangoro,부란다,6,0,True,in_game_only,maintain
676,Furfrou,트리미앙,6,0,True,in_game_only,maintain
677,Espurr,냐스퍼,6,0,True,in_game_only,maintain
678,Meowstic,냐오닉스,6,0,True,in_game_only,maintain
679,Honedge,단칼빙,6,0,True,in_game_only,maintain
680,Doublade,쌍검킬,6,0,True,in_game_only,maintain
681,Aegislash,킬가르도,6,0,True,in_game_only,maintain
682,Spritzee,슈쁘,6,0,True,in_game_only,maintain
683,Aromatisse,프레프티르,6,0,True,in_game_only,maintain
684,Swirlix,나룸퍼프,6,0,True,in_game_only,maintain
685,Slurpuff,나루림,6,0,True,in_game_only,maintain
686,Inkay,오케이징,6,0,True,in_game_only,maintain
687,Malamar,칼라마네로,6,0,True,in_game_only,maintain
688,Binacle,거북손손,6,0,True,in_game_only,maintain
689,Barbaracle,거북손데스,6,0,True,in_game_only,maintain
690,Skrelp,수레기,6,0,True,in_game_only,maintain
691,Dragalge,드래캄,6,0,True,in_game_only,maintain
692,Clauncher,완철포,6,0,True,in_game_only,maintain
693,Clawitzer,블로스터,6,0,True,in_game_only,maintain
694,Helioptile,목도리키텔,6,0,True,in_game_only,maintain
695,Heliolisk,일레도리자드,6,0,True,in_game_only,maintain
696,Tyrunt,티고라스,6,0,True,in_game_only,maintain
697,Tyrantrum,견고라스,6,0,True,in_game_only,maintain
698,Amaura,아마루스,6,0,True,in_game_only,maintain
699,Aurorus,아마루르가,6,0,True,in_game_only,maintain
700,Sylveon,님피아,6,0,True,in_game_only,maintain
701,Hawlucha,루차불,6,0,True,in_game_only,maintain
702,Dedenne,데덴네,6,0,True,in_game_only,maintain
703,Carbink,멜리시,6,0,True,in_game_only,maintain
704,Goomy,미끄메라,6,0,True,in_game_only,maintain
705,Sliggoo,미끄네일,6,0,True,in_game_only,maintain
706,Goodra,미끄래곤,6,0,True,in_game_only,maintain
707,Klefki,클레피,6,1,True,field_covered,maintain
708,Phantump,나목령,6,0,True,in_game_only,maintain
709,Trevenant,대로트,6,0,True,in_game_only,maintain
710,Pumpkaboo,호바귀,6,0,True,in_game_only,maintain
711,Gourgeist,펌킨인,6,0,True,in_game_only,maintain
712,Bergmite,꽁어름,6,0,True,in_game_only,maintain
713,Avalugg,크레베이스,6,0,True,in_game_only,maintain
714,Noibat,음뱃,6,0,True,in_game_only,maintain
715,Noivern,음번,6,0,True,in_game_only,maintain
716,Xerneas,제르네아스,6,0,True,in_game_only,maintain
717,Yveltal,이벨타르,6,0,True,in_game_only,maintain
718,Zygarde,지가르데,6,0,True,in_game_only,maintain
719,Diancie,디안시,6,0,True,in_game_only,maintain
720,Hoopa,후파,6,0,True,in_game_only,maintain
721,Volcanion,볼케니온,6,0,True,in_game_only,maintain
722,Rowlet,나몰빼미,7,0,True,in_game_only,maintain
723,Dartrix,빼미스로우,7,0,True,in_game_only,maintain
724,Decidueye,모크나이퍼,7,0,True,in_game_only,maintain
725,Litten,냐오불,7,0,True,in_game_only,maintain
726,Torracat,냐오히트,7,0,True,in_game_only,maintain
727,Incineroar,어흥염,7,1,True,field_covered,maintain
728,Popplio,누리공,7,0,True,in_game_only,maintain
729,Brionne,키요공,7,0,True,in_game_only,maintain
730,Primarina,누리레느,7,0,True,in_game_only,maintain
731,Pikipek,콕코구리,7,0,True,in_game_only,maintain
732,Trumbeak,크라파,7,0,True,in_game_only,maintain
733,Toucannon,왕큰부리,7,0,True,in_game_only,maintain
734,Yungoos,영구스,7,0,True,in_game_only,maintain
735,Gumshoos,형사구스,7,0,True,in_game_only,maintain
736,Grubbin,턱지충이,7,0,True,in_game_only,maintain
737,Charjabug,전지충이,7,0,True,in_game_only,maintain
738,Vikavolt,투구뿌논,7,0,True,in_game_only,maintain
739,Crabrawler,오기지게,7,0,True,in_game_only,maintain
740,Crabominable,모단단게,7,0,True,in_game_only,maintain
741,Oricorio,춤추새,7,0,True,in_game_only,maintain
742,Cutiefly,에블리,7,0,True,in_game_only,maintain
743,Ribombee,에리본,7,0,True,in_game_only,maintain
744,Rockruff,암멍이,7,0,True,in_game_only,maintain
745,Lycanroc,루가루암,7,0,True,in_game_only,maintain
746,Wishiwashi,약어리,7,0,True,in_game_only,maintain
747,Mareanie,시마사리,7,0,True,in_game_only,maintain
748,Toxapex,더시마사리,7,0,True,in_game_only,maintain
749,Mudbray,머드나기,7,0,True,in_game_only,maintain
750,Mudsdale,만마드,7,0,True,in_game_only,maintain
751,Dewpider,물거미,7,0,True,in_game_only,maintain
752,Araquanid,깨비물거미,7,0,True,in_game_only,maintain
753,Fomantis,짜랑랑,7,0,True,in_game_only,maintain
754,Lurantis,라란티스,7,0,True,in_game_only,maintain
755,Morelull,자마슈,7,0,True,in_game_only,maintain
756,Shiinotic,마셰이드,7,0,True,in_game_only,maintain
757,Salandit,야도뇽,7,0,True,in_game_only,maintain
758,Salazzle,염뉴트,7,0,True,in_game_only,maintain
759,Stufful,포곰곰,7,0,True,in_game_only,maintain
760,Bewear,이븐곰,7,0,True,in_game_only,maintain
761,Bounsweet,달콤아,7,0,True,in_game_only,maintain
762,Steenee,달무리나,7,0,True,in_game_only,maintain
763,Tsareena,달코퀸,7,0,True,in_game_only,maintain
764,Comfey,큐아링,7,0,True,in_game_only,maintain
765,Oranguru,하랑우탄,7,0,True,in_game_only,maintain
766,Passimian,내던숭이,7,0,True,in_game_only,maintain
767,Wimpod,꼬시레,7,0,True,in_game_only,maintain
768,Golisopod,갑주무사,7,0,True,in_game_only,maintain
769,Sandygast,모래꿍,7,0,True,in_game_only,maintain
770,Palossand,모래성이당,7,0,True,in_game_only,maintain
771,Pyukumuku,해무기,7,0,True,in_game_only,maintain
772,Type: Null,타입:널,7,0,True,in_game_only,maintain
773,Silvally,실버디,7,0,True,in_game_only,maintain
774,Minior,메테노,7,0,True,in_game_only,maintain
775,Komala,자말라,7,0,True,in_game_only,maintain
776,Turtonator,폭거북스,7,0,True,in_game_only,maintain
777,Togedemaru,토게데마루,7,0,True,in_game_only,maintain
778,Mimikyu,따라큐,7,0,True,in_game_only,maintain
779,Bruxish,치갈기,7,0,True,in_game_only,maintain
780,Drampa,할비롱,7,0,True,in_game_only,maintain
781,Dhelmise,타타륜,7,0,True,in_game_only,maintain
782,Jangmo-o,짜랑꼬,7,0,True,in_game_only,maintain
783,Hakamo-o,짜랑고우,7,0,True,in_game_only,maintain
784,Kommo-o,짜랑고우거,7,0,True,in_game_only,maintain
785,Tapu Koko,카푸꼬꼬꼭,7,0,True,in_game_only,maintain
786,Tapu Lele,카푸나비나,7,0,True,in_game_only,maintain
787,Tapu Bulu,카푸브루루,7,0,True,in_game_only,maintain
788,Tapu Fini,카푸느지느,7,0,True,in_game_only,maintain
789,Cosmog,코스모그,7,0,True,in_game_only,maintain
790,Cosmoem,코스모움,7,0,True,in_game_only,maintain
791,Solgaleo,솔가레오,7,0,True,in_game_only,maintain
792,Lunala,루나아라,7,0,True,in_game_only,maintain
793,Nihilego,텅비드,7,0,True,in_game_only,maintain
794,Buzzwole,매시붕,7,0,True,in_game_only,maintain
795,Pheromosa,페로코체,7,0,True,in_game_only,maintain
796,Xurkitree,전수목,7,0,True,in_game_only,maintain
797,Celesteela,철화구야,7,0,True,in_game_only,maintain
798,Kartana,종이신도,7,0,True,in_game_only,maintain
799,Guzzlord,악식킹,7,0,True,in_game_only,maintain
800,Necrozma,네크로즈마,7,0,True,in_game_only,maintain
801,Magearna,마기아나,7,0,True,in_game_only,maintain
802,Marshadow,마샤도,7,0,True,in_game_only,maintain
803,Poipole,베베놈,7,0,True,in_game_only,maintain
804,Naganadel,아고용,7,0,True,in_game_only,maintain
805,Stakataka,차곡차곡,7,0,True,in_game_only,maintain
806,Blacephalon,두파팡,7,0,True,in_game_only,maintain
807,Zeraora,제라오라,7,0,True,in_game_only,maintain
808,Meltan,멜탄,7,0,True,in_game_only,maintain
809,Melmetal,멜메탈,7,0,True,in_game_only,maintain
810,Grookey,흥나숭,8,0,True,in_game_only,maintain
811,Thwackey,채키몽,8,0,True,in_game_only,maintain
812,Rillaboom,고릴타,8,0,True,in_game_only,maintain
813,Scorbunny,염버니,8,0,True,in_game_only,maintain
814,Raboot,래비풋,8,0,True,in_game_only,maintain
815,Cinderace,에이스번,8,0,True,in_game_only,maintain
816,Sobble,울머기,8,0,True,in_game_only,maintain
817,Drizzile,누겔레온,8,0,True,in_game_only,maintain
818,Inteleon,인텔리레온,8,0,True,in_game_only,maintain
819,Skwovet,탐리스,8,0,True,in_game_only,maintain
820,Greedent,요씽리스,8,0,True,in_game_only,maintain
821,Rookidee,파라꼬,8,0,True,in_game_only,maintain
822,Corvisquire,파크로우,8,0,True,in_game_only,maintain
823,Corviknight,아머까오,8,0,True,in_game_only,maintain
824,Blipbug,두루지벌레,8,0,True,in_game_only,maintain
825,Dottler,레돔벌레,8,0,True,in_game_only,maintain
826,Orbeetle,이올브,8,0,True,in_game_only,maintain
827,Nickit,훔처우,8,0,True,in_game_only,maintain
828,Thievul,폭슬라이,8,0,True,in_game_only,maintain
829,Gossifleur,꼬모카,8,0,True,in_game_only,maintain
830,Eldegoss,백솜모카,8,0,True,in_game_only,maintain
831,Wooloo,우르,8,0,True,in_game_only,maintain
832,Dubwool,배우르,8,0,True,in_game_only,maintain
833,Chewtle,깨물부기,8,0,True,in_game_only,maintain
834,Drednaw,갈가부기,8,0,True,in_game_only,maintain
835,Yamper,멍파치,8,0,True,in_game_only,maintain
836,Boltund,펄스멍,8,0,True,in_game_only,maintain
837,Rolycoly,탄동,8,0,True,in_game_only,maintain
838,Carkol,탄차곤,8,0,True,in_game_only,maintain
839,Coalossal,석탄산,8,0,True,in_game_only,maintain
840,Applin,과사삭벌레,8,0,True,in_game_only,maintain
841,Flapple,애프룡,8,0,True,in_game_only,maintain
842,Appletun,단지래플,8,0,True,in_game_only,maintain
843,Silicobra,모래뱀,8,0,True,in_game_only,maintain
844,Sandaconda,사다이사,8,0,True,in_game_only,maintain
845,Cramorant,윽우지,8,0,True,in_game_only,maintain
846,Arrokuda,찌로꼬치,8,0,True,in_game_only,maintain
847,Barraskewda,꼬치조,8,0,True,in_game_only,maintain
848,Toxel,일레즌,8,0,True,in_game_only,maintain
849,Toxtricity,스트린더,8,0,True,in_game_only,maintain
850,Sizzlipede,태우지네,8,0,True,in_game_only,maintain
851,Centiskorch,다태우지네,8,0,True,in_game_only,maintain
852,Clobbopus,때때무노,8,0,True,in_game_only,maintain
853,Grapploct,케오퍼스,8,0,True,in_game_only,maintain
854,Sinistea,데인차,8,0,True,in_game_only,maintain
855,Polteageist,포트데스,8,0,True,in_game_only,maintain
856,Hatenna,몸지브림,8,0,True,in_game_only,maintain
857,Hattrem,손지브림,8,0,True,in_game_only,maintain
858,Hatterene,브리무음,8,0,True,in_game_only,maintain
859,Impidimp,메롱꿍,8,0,True,in_game_only,maintain
860,Morgrem,쏘겨모,8,0,True,in_game_only,maintain
861,Grimmsnarl,오롱털,8,0,True,in_game_only,maintain
862,Obstagoon,가로막구리,8,0,True,in_game_only,maintain
863,Perrserker,나이킹,8,0,True,in_game_only,maintain
864,Cursola,산호르곤,8,0,True,in_game_only,maintain
865,Sirfetch’d,창파나이트,8,0,True,in_game_only,maintain
866,Mr. Rime,마임꽁꽁,8,0,True,in_game_only,maintain
867,Runerigus,데스판,8,0,True,in_game_only,maintain
868,Milcery,마빌크,8,0,True,in_game_only,maintain
869,Alcremie,마휘핑,8,0,True,in_game_only,maintain
870,Falinks,대여르,8,0,True,in_game_only,maintain
871,Pincurchin,찌르성게,8,0,True,in_game_only,maintain
872,Snom,누니머기,8,0,True,in_game_only,maintain
873,Frosmoth,모스노우,8,0,True,in_game_only,maintain
874,Stonjourner,돌헨진,8,0,True,in_game_only,maintain
875,Eiscue,빙큐보,8,0,True,in_game_only,maintain
876,Indeedee,에써르,8,0,True,in_game_only,maintain
877,Morpeko,모르페코,8,0,True,in_game_only,maintain
878,Cufant,끼리동,8,0,True,in_game_only,maintain
879,Copperajah,대왕끼리동,8,0,True,in_game_only,maintain
880,Dracozolt,파치래곤,8,0,True,in_game_only,maintain
881,Arctozolt,파치르돈,8,0,True,in_game_only,maintain
882,Dracovish,어래곤,8,0,True,in_game_only,maintain
883,Arctovish,어치르돈,8,0,True,in_game_only,maintain
884,Duraludon,두랄루돈,8,0,True,in_game_only,maintain
885,Dreepy,드라꼰,8,0,True,in_game_only,maintain
886,Drakloak,드래런치,8,0,True,in_game_only,maintain
887,Dragapult,드래펄트,8,0,True,in_game_only,maintain
888,Zacian,자시안,8,0,True,in_game_only,maintain
889,Zamazenta,자마젠타,8,0,True,in_game_only,maintain
890,Eternatus,무한다이노,8,0,True,in_game_only,maintain
891,Kubfu,치고마,8,0,True,in_game_only,maintain
892,Urshifu,우라오스,8,0,True,in_game_only,maintain
893,Zarude,자루도,8,0,True,in_game_only,maintain
894,Regieleki,레지에레키,8,0,True,in_game_only,maintain
895,Regidrago,레지드래고,8,0,True,in_game_only,maintain
896,Glastrier,블리자포스,8,0,True,in_game_only,maintain
897,Spectrier,레이스포스,8,0,True,in_game_only,maintain
898,Calyrex,버드렉스,8,0,True,in_game_only,maintain
899,Wyrdeer,신비록,8,0,True,in_game_only,maintain
900,Kleavor,사마자르,8,0,True,in_game_only,maintain
901,Ursaluna,다투곰,8,0,True,in_game_only,maintain
902,Basculegion,대쓰여너,8,0,True,in_game_only,maintain
903,Sneasler,포푸니크,8,0,True,in_game_only,maintain
904,Overqwil,장침바루,8,0,True,in_game_only,maintain
905,Enamorus,러브로스,8,0,True,in_game_only,maintain
906,Sprigatito,나오하,9,0,True,in_game_only,maintain
907,Floragato,나로테,9,0,True,in_game_only,maintain
908,Meowscarada,마스카나,9,0,True,in_game_only,maintain
909,Fuecoco,뜨아거,9,0,True,in_game_only,maintain
910,Crocalor,악뜨거,9,0,True,in_game_only,maintain
911,Skeledirge,라우드본,9,0,True,in_game_only,maintain
912,Quaxly,꾸왁스,9,0,True,in_game_only,maintain
913,Quaxwell,아꾸왁,9,0,True,in_game_only,maintain
914,Quaquaval,웨이니발,9,0,True,in_game_only,maintain
915,Lechonk,맛보돈,9,0,True,in_game_only,maintain
916,Oinkologne,퍼퓨돈,9,0,True,in_game_only,maintain
917,Tarountula,타랜툴라,9,0,True,in_game_only,maintain
918,Spidops,트래피더,9,0,True,in_game_only,maintain
919,Nymble,콩알뚜기,9,0,True,in_game_only,maintain
920,Lokix,엑스레그,9,0,True,in_game_only,maintain
921,Pawmi,빠모,9,0,True,in_game_only,maintain
922,Pawmo,빠모트,9,0,True,in_game_only,maintain
923,Pawmot,빠르모트,9,0,True,in_game_only,maintain
924,Tandemaus,두리쥐,9,0,True,in_game_only,maintain
925,Maushold,파밀리쥐,9,0,True,in_game_only,maintain
926,Fidough,쫀도기,9,0,True,in_game_only,maintain
927,Dachsbun,바우첼,9,0,True,in_game_only,maintain
928,Smoliv,미니브,9,0,True,in_game_only,maintain
929,Dolliv,올리뇨,9,0,True,in_game_only,maintain
930,Arboliva,올리르바,9,0,True,in_game_only,maintain
931,Squawkabilly,시비꼬,9,0,True,in_game_only,maintain
932,Nacli,베베솔트,9,0,True,in_game_only,maintain
933,Naclstack,스태솔트,9,0,True,in_game_only,maintain
934,Garganacl,콜로솔트,9,0,True,in_game_only,maintain
935,Charcadet,카르본,9,0,True,in_game_only,maintain
936,Armarouge,카디나르마,9,0,True,in_game_only,maintain
937,Ceruledge,파라블레이즈,9,0,True,in_game_only,maintain
938,Tadbulb,빈나두,9,0,True,in_game_only,maintain
939,Bellibolt,찌리배리,9,0,True,in_game_only,maintain
940,Wattrel,찌리비,9,0,True,in_game_only,maintain
941,Kilowattrel,찌리비크,9,0,True,in_game_only,maintain
942,Maschiff,오라티프,9,0,True,in_game_only,maintain
943,Mabosstiff,마피티프,9,0,True,in_game_only,maintain
944,Shroodle,땃쭈르,9,0,True,in_game_only,maintain
945,Grafaiai,태깅구르,9,0,True,in_game_only,maintain
946,Bramblin,그푸리,9,0,True,in_game_only,maintain
947,Brambleghast,공푸리,9,0,True,in_game_only,maintain
948,Toedscool,들눈해,9,0,True,in_game_only,maintain
949,Toedscruel,육파리,9,0,True,in_game_only,maintain
950,Klawf,절벼게,9,0,True,in_game_only,maintain
951,Capsakid,캡싸이,9,0,True,in_game_only,maintain
952,Scovillain,스코빌런,9,0,True,in_game_only,maintain
953,Rellor,구르데,9,0,True,in_game_only,maintain
954,Rabsca,베라카스,9,0,True,in_game_only,maintain
955,Flittle,하느라기,9,0,True,in_game_only,maintain
956,Espathra,클레스퍼트라,9,0,True,in_game_only,maintain
957,Tinkatink,어리짱,9,0,True,in_game_only,maintain
958,Tinkatuff,벼리짱,9,0,True,in_game_only,maintain
959,Tinkaton,두드리짱,9,0,True,in_game_only,maintain
960,Wiglett,바다그다,9,0,True,in_game_only,maintain
961,Wugtrio,바닥트리오,9,0,True,in_game_only,maintain
962,Bombirdier,떨구새,9,0,True,in_game_only,maintain
963,Finizen,맨돌핀,9,0,True,in_game_only,maintain
964,Palafin,돌핀맨,9,0,True,in_game_only,maintain
965,Varoom,부르롱,9,0,True,in_game_only,maintain
966,Revavroom,부르르룸,9,0,True,in_game_only,maintain
967,Cyclizar,모토마,9,0,True,in_game_only,maintain
968,Orthworm,꿈트렁,9,0,True,in_game_only,maintain
969,Glimmet,초롱순,9,0,True,in_game_only,maintain
970,Glimmora,킬라플로르,9,0,True,in_game_only,maintain
971,Greavard,망망이,9,0,True,in_game_only,maintain
972,Houndstone,묘두기,9,0,True,in_game_only,maintain
973,Flamigo,꼬이밍고,9,0,True,in_game_only,maintain
974,Cetoddle,터벅고래,9,0,True,in_game_only,maintain
975,Cetitan,우락고래,9,0,True,in_game_only,maintain
976,Veluza,가비루사,9,0,True,in_game_only,maintain
977,Dondozo,어써러셔,9,0,True,in_game_only,maintain
978,Tatsugiri,싸리용,9,0,True,in_game_only,maintain
979,Annihilape,저승갓숭,9,0,True,in_game_only,maintain
980,Clodsire,토오,9,0,True,in_game_only,maintain
981,Farigiraf,키키링,9,0,True,in_game_only,maintain
982,Dudunsparce,노고고치,9,0,True,in_game_only,maintain
983,Kingambit,대도각참,9,0,True,in_game_only,maintain
984,Great Tusk,위대한엄니,9,0,True,in_game_only,maintain
985,Scream Tail,우렁찬꼬리,9,0,True,in_game_only,maintain
986,Brute Bonnet,사나운버섯,9,0,True,in_game_only,maintain
987,Flutter Mane,날개치는머리,9,0,True,in_game_only,maintain
988,Slither Wing,땅을기는날개,9,0,True,in_game_only,maintain
989,Sandy Shocks,모래털가죽,9,0,True,in_game_only,maintain
990,Iron Treads,무쇠바퀴,9,0,True,in_game_only,maintain
991,Iron Bundle,무쇠보따리,9,0,True,in_game_only,maintain
992,Iron Hands,무쇠손,9,0,True,in_game_only,maintain
993,Iron Jugulis,무쇠머리,9,0,True,in_game_only,maintain
994,Iron Moth,무쇠독나방,9,0,True,in_game_only,maintain
995,Iron Thorns,무쇠가시,9,0,True,in_game_only,maintain
996,Frigibax,드니차,9,0,True,in_game_only,maintain
997,Arctibax,드니꽁,9,0,True,in_game_only,maintain
998,Baxcalibur,드닐레이브,9,0,True,in_game_only,maintain
999,Gimmighoul,모으령,9,0,True,in_game_only,maintain
1000,Gholdengo,타부자고,9,0,True,in_game_only,maintain
1001,Wo-Chien,총지엔,9,0,True,in_game_only,maintain
1002,Chien-Pao,파오젠,9,0,True,in_game_only,maintain
1003,Ting-Lu,딩루,9,0,True,in_game_only,maintain
1004,Chi-Yu,위유이,9,0,True,in_game_only,maintain
1005,Roaring Moon,고동치는달,9,0,True,in_game_only,maintain
1006,Iron Valiant,무쇠무인,9,0,True,in_game_only,maintain
1007,Koraidon,코라이돈,9,0,True,in_game_only,maintain
1008,Miraidon,미라이돈,9,0,True,in_game_only,maintain
1009,Walking Wake,굽이치는물결,9,0,True,in_game_only,maintain
1010,Iron Leaves,무쇠잎새,9,0,True,in_game_only,maintain
1011,Dipplin,과미르,9,0,True,in_game_only,maintain
1012,Poltchageist,차데스,9,0,True,in_game_only,maintain
1013,Sinistcha,그우린차,9,0,True,in_game_only,maintain
1014,Okidogi,조타구,9,0,True,in_game_only,maintain
1015,Munkidori,이야후,9,0,True,in_game_only,maintain
1016,Fezandipiti,기로치,9,0,True,in_game_only,maintain
1017,Ogerpon,오거폰,9,0,True,in_game_only,maintain
1018,Archaludon,브리두라스,9,0,True,in_game_only,maintain
1019,Hydrapple,과미드라,9,0,True,in_game_only,maintain
1020,Gouging Fire,꿰뚫는화염,9,0,True,in_game_only,maintain
1021,Raging Bolt,날뛰는우레,9,0,True,in_game_only,maintain
1022,Iron Boulder,무쇠암석,9,0,True,in_game_only,maintain
1023,Iron Crown,무쇠감투,9,0,True,in_game_only,maintain
1024,Terapagos,테라파고스,9,0,True,in_game_only,maintain
1025,Pecharunt,복숭악동,9,0,True,in_game_only,maintain
